,Software Category,Software Name,Link to review page
733,Medical Scheduling Software,Acuity Scheduling,https://www.capterra.com/p/128285/Acuity-Scheduling/reviews/
734,Medical Scheduling Software,Vagaro,https://www.capterra.com/p/153752/Vagaro/reviews/
735,"Medical Scheduling Software ,Medical Billing Software ,Medical Practice Management Software ,Telemedicine Software",SimplePractice,https://www.capterra.com/p/130710/SimplePractice/reviews/
736,"Medical Scheduling Software ,Medical Billing Software ,Medical Practice Management Software",NextGen Healthcare,https://www.capterra.com/p/223247/NextGen-Healthcare/reviews/
737,Medical Scheduling Software,SimplyBook.me,https://www.capterra.com/p/140086/Simplybook-me/reviews/
738,"Medical Scheduling Software ,Restaurant Management Software",When I Work,https://www.capterra.com/p/121248/When-I-Work/reviews/
739,"Medical Scheduling Software ,Medical Billing Software ,Medical Practice Management Software ,Telemedicine Software",TheraNest,https://www.capterra.com/p/130400/TheraNest-Mental-Health/reviews/
740,"Medical Scheduling Software ,Medical Billing Software ,Medical Practice Management Software ,Telemedicine Software ,Hospital Management Software",athenaOne,https://www.capterra.com/p/98735/athenaOne/reviews/
741,"Medical Scheduling Software ,Medical Billing Software ,Telemedicine Software",TherapyNotes,https://www.capterra.com/p/118981/TherapyNotes-com/reviews/
742,"Medical Scheduling Software ,Medical Practice Management Software",Branch,https://www.capterra.com/p/162029/Branch/reviews/
743,Medical Scheduling Software,AxisCare,https://www.capterra.com/p/220467/AxisCare/reviews/
744,"Medical Scheduling Software ,Medical Practice Management Software ,Hospital Management Software",10to8,https://www.capterra.com/p/138962/10to8/reviews/
745,"Medical Scheduling Software ,Medical Billing Software ,Medical Practice Management Software ,Telemedicine Software",Kareo Billing,https://www.capterra.com/p/129169/Kareo/reviews/
746,"Medical Scheduling Software ,Restaurant Management Software",Deputy,https://www.capterra.com/p/147589/Deputy/reviews/
747,"Medical Scheduling Software ,Medical Billing Software",ChiroFusion,https://www.capterra.com/p/220349/ChiroFusion/reviews/
748,"Medical Scheduling Software ,Medical Billing Software ,Medical Practice Management Software",NueMD,https://www.capterra.com/p/72470/NueMD/reviews/
749,"Medical Scheduling Software ,Medical Billing Software ,Medical Practice Management Software ,Telemedicine Software",DrChrono,https://www.capterra.com/p/227359/DrChrono/reviews/
750,"Medical Scheduling Software ,Telemedicine Software",Mend,https://www.capterra.com/p/165634/Mend-App/reviews/
751,"Medical Scheduling Software ,Medical Billing Software ,Medical Practice Management Software",Practice Fusion,https://www.capterra.com/p/115488/Practice-Fusion/reviews/
752,"Medical Scheduling Software ,Medical Billing Software ,Medical Practice Management Software ,Telemedicine Software",RXNT,https://www.capterra.com/p/110018/rxnt/reviews/
753,"Medical Scheduling Software ,Medical Billing Software ,Medical Practice Management Software ,Telemedicine Software",eClinicalWorks,https://www.capterra.com/p/120360/eClinicalWorks/reviews/
754,Medical Scheduling Software,Therasoft Online,https://www.capterra.com/p/222324/Therasoft-Online/reviews/
755,Medical Scheduling Software,Book Like A Boss,https://www.capterra.com/p/180111/Book-Like-A-Boss/reviews/
756,Medical Scheduling Software,AestheticsPro,https://www.capterra.com/p/218436/AestheticsPro/reviews/
757,Medical Scheduling Software,Appointy,https://www.capterra.com/p/220991/Appointy/reviews/
758,"Medical Scheduling Software ,Medical Practice Management Software",IntakeQ,https://www.capterra.com/p/226542/IntakeQ/reviews/
759,"Medical Scheduling Software ,Medical Billing Software ,Medical Practice Management Software ,Telemedicine Software",Compulink Healthcare Solutions,https://www.capterra.com/p/223296/Compulink-Healthcare-Solutions/reviews/
760,"Medical Scheduling Software ,Medical Practice Management Software",ECLIPSE,https://www.capterra.com/p/27349/ECLIPSE/reviews/
761,"Medical Scheduling Software ,Medical Billing Software ,Medical Practice Management Software ,Telemedicine Software",InSync Healthcare Solutions,https://www.capterra.com/p/226381/InSync-Healthcare-Solutions/reviews/
762,"Medical Scheduling Software ,Medical Practice Management Software",Noterro,https://www.capterra.com/p/164994/SOAP-Vault/reviews/
763,"Medical Scheduling Software ,Healthcare CRM Software",Solutionreach,https://www.capterra.com/p/160916/Solutionreach/reviews/
764,"Medical Scheduling Software ,Medical Billing Software ,Medical Practice Management Software",My Clients Plus,https://www.capterra.com/p/80068/My-Clients-Plus/reviews/
765,"Medical Scheduling Software ,Medical Billing Software ,Medical Practice Management Software ,Telemedicine Software",Jane,https://www.capterra.com/p/221392/Jane/reviews/
766,Medical Scheduling Software,TimeClock Plus,https://www.capterra.com/p/21548/TimeClock-Plus/reviews/
767,"Medical Scheduling Software ,Medical Billing Software ,Medical Practice Management Software",Benchmark Systems,https://www.capterra.com/p/132989/Benchmark-Practice-Management/reviews/
768,Medical Scheduling Software,Rotageek,https://www.capterra.com/p/162513/RotaGeek/reviews/
769,"Medical Scheduling Software ,Medical Billing Software ,Medical Practice Management Software ,Telemedicine Software",Modernizing Medicine,https://www.capterra.com/p/224625/Modernizing-Medicine/reviews/
770,"Medical Scheduling Software ,Medical Practice Management Software ,Telemedicine Software ,Healthcare CRM Software",PatientPop,https://www.capterra.com/p/147864/PatientPop/reviews/
771,"Medical Scheduling Software ,Medical Billing Software ,Medical Practice Management Software ,Telemedicine Software ,Healthcare CRM Software",Cerner PowerChart Ambulatory EHR,https://www.capterra.com/p/2341/Cerner-Ambulatory-EHR/reviews/
772,Medical Scheduling Software,ezyVet,https://www.capterra.com/p/221021/ezyVet/reviews/
773,Medical Scheduling Software,AppointmentPlus,https://www.capterra.com/p/44428/AppointmentPlus/reviews/
774,"Medical Scheduling Software ,Medical Practice Management Software ,Hospital Management Software ,Healthcare CRM Software",Caspio,https://www.capterra.com/p/137206/Caspio/reviews/
775,"Medical Scheduling Software ,Medical Practice Management Software",PatientNow,https://www.capterra.com/p/92269/PatientNOW/reviews/
776,"Medical Scheduling Software ,Medical Practice Management Software",Power Diary,https://www.capterra.com/p/231580/Power-Diary/reviews/
777,Medical Scheduling Software,EZBIS,https://www.capterra.com/p/224122/EZBIS/reviews/
778,Medical Scheduling Software,Sling,https://www.capterra.com/p/142542/Sling/reviews/
779,Medical Scheduling Software,IDEXX Neo,https://www.capterra.com/p/226393/IDEXX-Neo/reviews/
780,"Medical Scheduling Software ,Medical Billing Software ,Medical Practice Management Software ,Telemedicine Software",CareCloud,https://www.capterra.com/p/113010/CareCloud/reviews/
781,"Medical Scheduling Software ,Medical Billing Software ,Medical Practice Management Software",Intergy,https://www.capterra.com/p/122222/Vitera-Intergy-EHR/reviews/
782,"Medical Scheduling Software ,Medical Billing Software ,Medical Practice Management Software ,Telemedicine Software",CharmHealth,https://www.capterra.com/p/220299/ChARM-EHR/reviews/
783,Medical Scheduling Software,PIMSY Mental Health EHR,https://www.capterra.com/p/221938/PIMSY-Mental-Health-EHR/reviews/
784,Medical Scheduling Software,YellowSchedule,https://www.capterra.com/p/130812/YellowSchedule/reviews/
785,"Medical Scheduling Software ,Medical Billing Software ,Medical Practice Management Software",Phreesia,https://www.capterra.com/p/131633/Phreesia/reviews/
786,Medical Scheduling Software,BookSteam,https://www.capterra.com/p/133845/BookSteam/reviews/
787,Medical Scheduling Software,Halo Health,https://www.capterra.com/p/181128/Halo/reviews/
788,"Medical Scheduling Software ,Medical Billing Software ,Medical Practice Management Software",75health,https://www.capterra.com/p/140480/75health/reviews/
789,"Medical Scheduling Software ,Medical Billing Software",Therabill,https://www.capterra.com/p/109769/TheraBill/reviews/
790,Medical Scheduling Software,ALIS,https://www.capterra.com/p/212250/ALIS/reviews/
791,"Medical Scheduling Software ,Medical Practice Management Software",Petal Scheduling for Physicians,https://www.capterra.com/p/145352/PetalMD-Medical-Scheduling/reviews/
792,"Medical Scheduling Software ,Healthcare CRM Software",BestNotes,https://www.capterra.com/p/225470/BestNotes/reviews/
793,Medical Scheduling Software,Waitwhile,https://www.capterra.com/p/152494/Waitwhile/reviews/
794,"Medical Scheduling Software ,Medical Billing Software ,Medical Practice Management Software",ChartLogic EHR,https://www.capterra.com/p/223385/ChartLogic-EHR/reviews/
795,"Medical Scheduling Software ,Medical Billing Software ,Medical Practice Management Software",TotalMD,https://www.capterra.com/p/110016/TotalMD/reviews/
796,Medical Scheduling Software,ClinicSource,https://www.capterra.com/p/226294/ClinicSource/reviews/
797,Medical Scheduling Software,Demandforce,https://www.capterra.com/p/221823/Demandforce/reviews/
798,"Medical Scheduling Software ,Medical Billing Software ,Telemedicine Software",CureMD,https://www.capterra.com/p/222910/CureMD/reviews/
799,Medical Scheduling Software,eSchedule,https://www.capterra.com/p/220932/eSchedule/reviews/
800,"Medical Scheduling Software ,Medical Billing Software ,Telemedicine Software",Net Health Therapy for Hospital Outpatient,https://www.capterra.com/p/161261/ReDoc-powered-by-xfit/reviews/
801,"Medical Scheduling Software ,Telemedicine Software",Luma Health,https://www.capterra.com/p/176533/lumahealth/reviews/
802,"Medical Scheduling Software ,Medical Billing Software",KASA,https://www.capterra.com/p/132036/KASA-EMR/reviews/
803,"Medical Scheduling Software ,Medical Billing Software ,Medical Practice Management Software ,Telemedicine Software ,Hospital Management Software ,Healthcare CRM Software",Intelligent Medical Software,https://www.capterra.com/p/232595/Intelligent-Medical-Software/reviews/
804,Medical Scheduling Software,Veribook,https://www.capterra.com/p/124063/Veribook/reviews/
805,Medical Scheduling Software,Cogsworth,https://www.capterra.com/p/173160/Cogsworth/reviews/
806,"Medical Scheduling Software ,Telemedicine Software",DoctorConnect,https://www.capterra.com/p/131888/DoctorConnect/reviews/
807,"Medical Scheduling Software ,Medical Billing Software ,Medical Practice Management Software",MedicsPremier,https://www.capterra.com/p/129851/MedicsPremier/reviews/
808,"Medical Scheduling Software ,Medical Practice Management Software ,Telemedicine Software",Medesk,https://www.capterra.com/p/166286/Medesk/reviews/
809,"Medical Scheduling Software ,Restaurant Management Software",MakeShift,https://www.capterra.com/p/146099/MakeShift/reviews/
810,"Medical Scheduling Software ,Medical Practice Management Software ,Telemedicine Software",Curogram,https://www.capterra.com/p/232966/Curogram/reviews/
811,"Medical Scheduling Software ,Medical Practice Management Software ,Telemedicine Software",Pomelo Health,https://www.capterra.com/p/166692/Online-Appointment-Booking/reviews/
812,Medical Scheduling Software,FlexBooker,https://www.capterra.com/p/132157/FlexBooker/reviews/
813,"Medical Scheduling Software ,Medical Practice Management Software",One Medical Passport,https://www.capterra.com/p/192601/Medical-Passport/reviews/
814,"Medical Scheduling Software ,Medical Practice Management Software",NephroChoice,https://www.capterra.com/p/80995/iSALUS-EHR/reviews/
815,"Medical Scheduling Software ,Telemedicine Software",Elation Health,https://www.capterra.com/p/147889/ElationHealth/reviews/
816,"Medical Scheduling Software ,Medical Billing Software",Therapy Partner,https://www.capterra.com/p/119406/Therapy-Partner/reviews/
817,Medical Scheduling Software,WeCounsel,https://www.capterra.com/p/141411/wecounsel/reviews/
818,"Medical Scheduling Software ,Medical Billing Software ,Medical Practice Management Software",Clearwave,https://www.capterra.com/p/223320/Clearwave/reviews/
819,"Medical Scheduling Software ,Medical Billing Software ,Medical Practice Management Software",Remedly,https://www.capterra.com/p/180647/Remedly/reviews/
820,"Medical Scheduling Software ,Medical Billing Software ,Medical Practice Management Software ,Hospital Management Software",Insta,https://www.capterra.com/p/130501/Insta-HMS/reviews/
821,Medical Scheduling Software,Experity Patient Engagement,https://www.capterra.com/p/165933/Clockwise-MD/reviews/
822,"Medical Scheduling Software ,Medical Billing Software ,Telemedicine Software ,Healthcare CRM Software",NexHealth,https://www.capterra.com/p/182271/NexHealth/reviews/
823,Medical Scheduling Software,Momentum Scheduling,https://www.capterra.com/p/110308/Momentum-Staff-Scheduling/reviews/
824,"Medical Scheduling Software ,Medical Billing Software ,Medical Practice Management Software",MicroMD,https://www.capterra.com/p/74016/MicroMD-EMR/reviews/
825,"Medical Scheduling Software ,Medical Billing Software ,Medical Practice Management Software ,Medical Practice Management Software ,Telemedicine Software ,Healthcare CRM Software",iClinic,https://www.capterra.com/p/191984/iClinic/reviews/
826,"Medical Scheduling Software ,Medical Billing Software ,Healthcare CRM Software",AgileEMR,https://www.capterra.com/p/219702/Agile-EMR/reviews/
827,Medical Scheduling Software,NovoClinical,https://www.capterra.com/p/164437/NovoMedici/reviews/
828,Medical Scheduling Software,MySchedule,https://www.capterra.com/p/150497/MySchedule-com/reviews/
829,Medical Scheduling Software,AgendaPro,https://www.capterra.com/p/218709/AgendaPro/reviews/
830,"Medical Billing Software ,Medical Practice Management Software",Speedy Claims,https://www.capterra.com/p/129536/Speedy-Claims/reviews/
831,"Medical Billing Software ,Medical Practice Management Software ,Telemedicine Software",EpicCare EMR,https://www.capterra.com/p/122278/EpicCare-EMR/reviews/
832,"Medical Billing Software ,Medical Practice Management Software",NexTech EMR & PM,https://www.capterra.com/p/122691/Nextech-Practice/reviews/
833,Medical Billing Software,Invoiced,https://www.capterra.com/p/222215/Invoiced/reviews/
834,"Medical Billing Software ,Medical Practice Management Software ,Hospital Management Software",Waystar,https://www.capterra.com/p/45512/ZirMed/reviews/
835,Medical Billing Software,AdvancedMD Billing Services,https://www.capterra.com/p/90208/AdvancedBilling/reviews/
836,"Medical Billing Software ,Medical Practice Management Software",WRS Health,https://www.capterra.com/p/75252/WRS-Health/reviews/
837,"Medical Billing Software ,Medical Practice Management Software",DuxWare,https://www.capterra.com/p/69394/DuxWare/reviews/
838,Medical Billing Software,EZClaim,https://www.capterra.com/p/106348/EZClaim-Medical-Billing/reviews/
839,"Medical Billing Software ,Medical Practice Management Software",CollaborateMD,https://www.capterra.com/p/81299/CollaborateMD-PMS/reviews/
840,"Medical Billing Software ,Medical Practice Management Software",AZZLY Rize,https://www.capterra.com/p/147005/AZZLY/reviews/
841,"Medical Billing Software ,Medical Practice Management Software ,Telemedicine Software ,Hospital Management Software",Azalea Health,https://www.capterra.com/p/123268/Azalea-EHR-RCM/reviews/
842,Medical Billing Software,Quanum EHR,https://www.capterra.com/p/12742/Care360/reviews/
843,Medical Billing Software,Practice EHR,https://www.capterra.com/p/159036/Practice-EHR/reviews/
844,"Medical Billing Software ,Medical Practice Management Software ,Telemedicine Software",TriMed Complete,https://www.capterra.com/p/224944/TriMed-Complete/reviews/
845,Medical Billing Software,PlanStreet,https://www.capterra.com/p/180084/PlanStreet/reviews/
846,"Medical Billing Software ,Medical Practice Management Software ,Telemedicine Software",PracticeSuite,https://www.capterra.com/p/116370/PracticeSuite/reviews/
847,"Medical Billing Software ,Medical Practice Management Software",Shrinkrapt,https://www.capterra.com/p/86089/ShrinkRapt/reviews/
848,Medical Billing Software,Ability Network,https://www.capterra.com/p/162841/ABILITY-Network/reviews/
849,"Medical Billing Software ,Healthcare CRM Software",TynetOnline,https://www.capterra.com/p/122771/TynetOnline/reviews/
850,Medical Billing Software,LigoLab LIS & RCM Laboratory Operating Platform,https://www.capterra.com/p/95392/LigoLab-Station/reviews/
851,"Medical Billing Software ,Medical Practice Management Software",AllegianceMD,https://www.capterra.com/p/104324/AllegianceMD/reviews/
852,Medical Billing Software,CGM DAQbilling,https://www.capterra.com/p/213074/CGM-DAQbilling/reviews/
853,"Medical Billing Software ,Medical Practice Management Software",HARMONY Medical,https://www.capterra.com/p/5409/HARMONY/reviews/
854,"Medical Billing Software ,Medical Practice Management Software",ProviderSuite,https://www.capterra.com/p/2383/ProviderSuite/reviews/
855,"Medical Billing Software ,Medical Practice Management Software",MidexPRO,https://www.capterra.com/p/9040/MidexPro/reviews/
856,Medical Billing Software,MedEvolve,https://www.capterra.com/p/130115/MedEvolve/reviews/
857,Medical Billing Software,Euclid,https://www.capterra.com/p/201393/Euclid/reviews/
858,"Medical Billing Software ,Telemedicine Software",gGastro,https://www.capterra.com/p/231841/gGastro/reviews/
859,Medical Billing Software,expEDIum Medical Billing,https://www.capterra.com/p/127272/expEDIum-Medical-Billing/reviews/
860,Medical Billing Software,PracticeStudio,https://www.capterra.com/p/18099/PracticeStudio/reviews/
861,Medical Billing Software,RewardPay,https://www.capterra.com/p/203669/RewardPay/reviews/
862,Medical Billing Software,Cerner Specialty Practice Management,https://www.capterra.com/p/114092/Ambulatory-Practice-Management/reviews/
863,Medical Billing Software,EZnotes,https://www.capterra.com/p/27271/EZnotes/reviews/
864,"Medical Billing Software ,Telemedicine Software ,Healthcare CRM Software",Sa√∫de Vianet,https://www.capterra.com/p/217178/Saude-Vianet/reviews/
865,Medical Billing Software,OpenPM,https://www.capterra.com/p/176585/OpenPracticeSolutions/reviews/
866,Medical Billing Software,bflow Solutions,https://www.capterra.com/p/144579/bflow-Solutions/reviews/
867,Medical Billing Software,Harris CareTracker,https://www.capterra.com/p/209168/Harris-CareTracker/reviews/
868,Medical Billing Software,eSolutions Suite,https://www.capterra.com/p/176029/Medicare-Enterprise-Package/reviews/
869,Medical Billing Software,Medisoft,https://www.capterra.com/p/163977/Medisoft/reviews/
870,Medical Billing Software,Healthpac,https://www.capterra.com/p/9032/HPlusPro/reviews/
871,Medical Billing Software,Direct Care Innovations,https://www.capterra.com/p/164430/Direct-Care-Innovations/reviews/
872,Medical Billing Software,AMS Ultra Charts,https://www.capterra.com/p/2359/Ultra-Charts/reviews/
873,Medical Billing Software,ClinicDr,https://www.capterra.com/p/128412/Clinic-Doctor-EHr/reviews/
874,"Medical Billing Software ,Telemedicine Software",PatientClick Suite,https://www.capterra.com/p/154265/PatientClick/reviews/
875,Medical Billing Software,Mercury Medical,https://www.capterra.com/p/177217/Mercury-One/reviews/
876,Medical Billing Software,bestPT,https://www.capterra.com/p/139292/bestPT/reviews/
877,Medical Billing Software,Radekal,https://www.capterra.com/p/149273/Radekal-PM/reviews/
878,Medical Billing Software,Rivet,https://www.capterra.com/p/205843/Rivet/reviews/
879,Medical Billing Software,AccuMed,https://www.capterra.com/p/2358/AccuMed/reviews/
880,Medical Billing Software,QuickPractice,https://www.capterra.com/p/2386/QuickPractice/reviews/
881,"Medical Billing Software ,Telemedicine Software",EMR-Bear,https://www.capterra.com/p/150398/EMR-Bear/reviews/
882,Medical Billing Software,MedClarity,https://www.capterra.com/p/151492/MedClarity/reviews/
883,Medical Billing Software,Unlimited Financials,https://www.capterra.com/p/215400/g4-Studio/reviews/
884,"Medical Billing Software ,Telemedicine Software",InputHealth,https://www.capterra.com/p/162146/InputHealth/reviews/
885,"Medical Billing Software ,Telemedicine Software",TalkEHR,https://www.capterra.com/p/140795/MTBC-Practice-Management/reviews/
886,Medical Billing Software,Sigmund Software,https://www.capterra.com/p/69928/Sigmund/reviews/
887,Medical Billing Software,Unified Practice,https://www.capterra.com/p/156942/Unified-Practice/reviews/
888,Medical Billing Software,Collectly,https://www.capterra.com/p/174375/Collectly/reviews/
889,Medical Billing Software,Lightning MD,https://www.capterra.com/p/201091/https-www-lightningmd-com/reviews/
890,Medical Practice Management Software,Ambra Health,https://www.capterra.com/p/146296/Ambra-Health-Cloud-PACS/reviews/
891,Medical Practice Management Software,Pabau,https://www.capterra.com/p/140062/Pabau-CRM/reviews/
892,Medical Practice Management Software,Experity,https://www.capterra.com/p/14402/Experity/reviews/
893,Medical Practice Management Software,Sevocity,https://www.capterra.com/p/81297/Sevocity-EHR/reviews/
894,"Medical Practice Management Software ,Healthcare CRM Software",BestoSys,https://www.capterra.com/p/144398/Bestosys/reviews/
895,Medical Practice Management Software,RevolutionEHR,https://www.capterra.com/p/226475/RevolutionEHR/reviews/
896,Medical Practice Management Software,Allscripts Practice Management,https://www.capterra.com/p/2357/Allscripts-Practice-Management/reviews/
897,"Medical Practice Management Software ,Telemedicine Software",OnCall Health,https://www.capterra.com/p/183600/OnCall-Health-Platform/reviews/
898,Medical Practice Management Software,CentralReach,https://www.capterra.com/p/140743/CentralReach/reviews/
899,"Medical Practice Management Software ,Telemedicine Software",TM3,https://www.capterra.com/p/27328/TM2/reviews/
900,Medical Practice Management Software,Nookal,https://www.capterra.com/p/190479/Nookal/reviews/
901,Medical Practice Management Software,AdvancedPM,https://www.capterra.com/p/90209/AdvancedPM/reviews/
902,Medical Practice Management Software,UpToDate,https://www.capterra.com/p/176042/UpToDate/reviews/
903,Medical Practice Management Software,epocrates,https://www.capterra.com/p/81890/Epocrates/reviews/
904,Medical Practice Management Software,RxVantage,https://www.capterra.com/p/133135/RxVantage/reviews/
905,Medical Practice Management Software,NeuronUP,https://www.capterra.com/p/163789/NeuronUP/reviews/
906,Medical Practice Management Software,Comlite Systems,https://www.capterra.com/p/183178/Comlite-LAN4000/reviews/
907,Medical Practice Management Software,eFax Corporate,https://www.capterra.com/p/174254/eFax/reviews/
908,Medical Practice Management Software,eMDs Aprima,https://www.capterra.com/p/191955/Aprima-Medical-Software/reviews/
909,Medical Practice Management Software,CareVoyant,https://www.capterra.com/p/137741/CareVoyant-for-Outpatient/reviews/
910,Medical Practice Management Software,Rethink,https://www.capterra.com/p/229334/rethink/reviews/
911,Medical Practice Management Software,OmniMD,https://www.capterra.com/p/18840/OmniMD-EMR/reviews/
912,"Medical Practice Management Software ,Hospital Management Software",eHospital Systems,https://www.capterra.com/p/138518/eHospital-Systems/reviews/
913,Medical Practice Management Software,ArbiMed Inventory,https://www.capterra.com/p/140790/ArbiMed-Inventory/reviews/
914,Medical Practice Management Software,Aesthetic Record,https://www.capterra.com/p/162938/Aesthetic-Record/reviews/
915,Medical Practice Management Software,Practice Mate,https://www.capterra.com/p/210524/Practice-Mate/reviews/
916,Medical Practice Management Software,Eyefinity OfficeMate,https://www.capterra.com/p/239496/OfficeMate/reviews/
917,"Medical Practice Management Software ,Telemedicine Software",CarePaths EHR,https://www.capterra.com/p/86870/CarePaths-EHR/reviews/
918,Medical Practice Management Software,Pandora Care Management System,https://www.capterra.com/p/174884/Pandora-Care/reviews/
919,Medical Practice Management Software,MDConnection,https://www.capterra.com/p/32748/MDConnection/reviews/
920,"Medical Practice Management Software ,Telemedicine Software",Blink Session,https://www.capterra.com/p/169048/Blink-Session/reviews/
921,Medical Practice Management Software,MEDITECH EHR,https://www.capterra.com/p/99070/Practice-Management-Solution/reviews/
922,"Medical Practice Management Software ,Telemedicine Software",Nimbo,https://www.capterra.com/p/200694/Nimbo/reviews/
923,"Medical Practice Management Software ,Telemedicine Software",TheraPlatform,https://www.capterra.com/p/238475/TheraPlatform/reviews/
924,Medical Practice Management Software,Qminder,https://www.capterra.com/p/160462/Qminder/reviews/
925,"Hospitality Property Management Software ,Hotel Channel Management Software",RMS Cloud,https://www.capterra.com/p/208354/RMS-Cloud/reviews/
926,Hospitality Property Management Software,Lodgify,https://www.capterra.com/p/131924/Lodgify/reviews/
927,Hospitality Property Management Software,ResNexus,https://www.capterra.com/p/129392/Reservation-Nexus/reviews/
928,Hospitality Property Management Software,Checkfront,https://www.capterra.com/p/99249/Checkfront/reviews/
929,"Hospitality Property Management Software ,Hotel Channel Management Software",eZee Absolute,https://www.capterra.com/p/135751/eZee-Absolute/reviews/
930,"Hospitality Property Management Software ,Hotel Channel Management Software",eviivo,https://www.capterra.com/p/66294/eviivo-suite/reviews/
931,"Hospitality Property Management Software ,Hotel Channel Management Software",Sirvoy,https://www.capterra.com/p/103570/Sirvoy-Booking-System/reviews/
932,Hospitality Property Management Software,Hostaway,https://www.capterra.com/p/152433/Hostaway/reviews/
933,Hospitality Property Management Software,innRoad,https://www.capterra.com/p/135307/innRoad/reviews/
934,"Hospitality Property Management Software ,Hotel Channel Management Software",Cloudbeds,https://www.capterra.com/p/158839/Cloudbeds/reviews/
935,Hospitality Property Management Software,Hotelogix,https://www.capterra.com/p/76374/Hotelogix/reviews/
936,Hospitality Property Management Software,Guesty,https://www.capterra.com/p/159377/Guesty/reviews/
937,Hospitality Property Management Software,WebRezPro,https://www.capterra.com/p/113348/WebRezPro/reviews/
938,"Hospitality Property Management Software ,Hotel Channel Management Software",Little Hotelier,https://www.capterra.com/p/144307/Little-Hotelier/reviews/
939,Hospitality Property Management Software,Smoobu,https://www.capterra.com/p/160106/Smoobu/reviews/
940,Hospitality Property Management Software,Frontdesk Anywhere,https://www.capterra.com/p/84709/Frontdesk-Anywhere/reviews/
941,Hospitality Property Management Software,Zingle,https://www.capterra.com/p/161921/Zingle/reviews/
942,Hospitality Property Management Software,ThinkReservations,https://www.capterra.com/p/182891/ThinkReservations/reviews/
943,Hospitality Property Management Software,Hospitable.com,https://www.capterra.com/p/189280/smartbnb/reviews/
944,Hospitality Property Management Software,Whistle Messaging,https://www.capterra.com/p/181980/Whistle/reviews/
945,"Hospitality Property Management Software ,Hotel Channel Management Software",SkyTouch Hotel OS,https://www.capterra.com/p/132368/SkyTouch-Hotel-OS/reviews/
946,Hospitality Property Management Software,ReservationKey,https://www.capterra.com/p/130362/ReservationKey/reviews/
947,Hospitality Property Management Software,VRScheduler,https://www.capterra.com/p/170587/VRScheduler/reviews/
948,Hospitality Property Management Software,StayNTouch Cloud PMS,https://www.capterra.com/p/216473/StayNTouch/reviews/
949,Hospitality Property Management Software,Hoteliga,https://www.capterra.com/p/135174/Hoteliga/reviews/
950,Hospitality Property Management Software,Clock PMS,https://www.capterra.com/p/132161/Clock-PMS/reviews/
951,Hospitality Property Management Software,RDPWin,https://www.capterra.com/p/2443/RDPWin/reviews/
952,Hospitality Property Management Software,Your.Rentals,https://www.capterra.com/p/176494/Your-Rentals/reviews/
953,Hospitality Property Management Software,Hotello,https://www.capterra.com/p/104276/Hotello-PMS/reviews/
954,Hospitality Property Management Software,CiiRUS,https://www.capterra.com/p/134175/CiiRUS/reviews/
955,Hospitality Property Management Software,5stelle,https://www.capterra.com/p/149923/5stelle/reviews/
956,"Hospitality Property Management Software ,Hotel Channel Management Software",SabeeApp,https://www.capterra.com/p/166986/SabeeApp/reviews/
957,Hospitality Property Management Software,Bookinglayer,https://www.capterra.com/p/133291/Bookinglayer/reviews/
958,Hospitality Property Management Software,Hostfully Property Management Platform,https://www.capterra.com/p/187827/Property-Management-Platform/reviews/
959,Hospitality Property Management Software,Beds24,https://www.capterra.com/p/123511/Beds24-com/reviews/
960,Hospitality Property Management Software,BananaDesk,https://www.capterra.com/p/128589/BananaDesk-PMS/reviews/
961,Hospitality Property Management Software,rezStream,https://www.capterra.com/p/40773/RezStream-Cloud-PMS/reviews/
962,"Hospitality Property Management Software ,Hotel Channel Management Software",AvaiBook Vacation Rental Software,https://www.capterra.com/p/176921/Vacation-rental-software/reviews/
963,Hospitality Property Management Software,Snappii,https://www.capterra.com/p/141324/Snappii-Mobile-Apps/reviews/
964,Hospitality Property Management Software,Uplisting,https://www.capterra.com/p/154137/Uplisting/reviews/
965,Hospitality Property Management Software,RoomKeyPMS,https://www.capterra.com/p/5937/RoomKeyPMS/reviews/
966,"Hospitality Property Management Software ,Hotel Channel Management Software",Rentlio,https://www.capterra.com/p/178760/Rentlio/reviews/
967,Hospitality Property Management Software,roomMaster,https://www.capterra.com/p/13824/roomMaster/reviews/
968,Hospitality Property Management Software,Oracle Hospitality OPERA Cloud Property Management,https://www.capterra.com/p/87515/Oracle-Property-Management/reviews/
969,Hospitality Property Management Software,SWITCH.CM,https://www.capterra.com/p/152834/SWITCH-CM/reviews/
970,Hospitality Property Management Software,Elina,https://www.capterra.com/p/98868/Elina/reviews/
971,Hospitality Property Management Software,HelloShift,https://www.capterra.com/p/146408/HelloShift/reviews/
972,Hospitality Property Management Software,GraceSoft Easy InnKeeping,https://www.capterra.com/p/2421/Easy-InnKeeping/reviews/
973,Hospitality Property Management Software,Djubo,https://www.capterra.com/p/143927/Djubo/reviews/
974,"Hospitality Property Management Software ,Hotel Channel Management Software",roomMaster Anywhere,https://www.capterra.com/p/128268/Welcome-Anywhere/reviews/
975,Hospitality Property Management Software,Innkey PMS,https://www.capterra.com/p/159946/Innkey-PMS/reviews/
976,Hospitality Property Management Software,Hostfully Guidebooks,https://www.capterra.com/p/223111/Hostfully-Guidebooks/reviews/
977,Hospitality Property Management Software,Jonas Chorum,https://www.capterra.com/p/186608/Jonas-Chorum/reviews/
978,Hospitality Property Management Software,UniFocus,https://www.capterra.com/p/227568/Unifocus/reviews/
979,Hospitality Property Management Software,MyVR,https://www.capterra.com/p/127432/MyVR/reviews/
980,Hospitality Property Management Software,HotelKey,https://www.capterra.com/p/198632/HotelKey-PMS/reviews/
981,Hospitality Property Management Software,Slope,https://www.capterra.com/p/167344/Slope/reviews/
982,Hospitality Property Management Software,ResBook,https://www.capterra.com/p/148551/ResBook/reviews/
983,Hospitality Property Management Software,Booking Automation,https://www.capterra.com/p/171972/Booking-Automation/reviews/
984,"Hospitality Property Management Software ,Hotel Channel Management Software",Inngenius PMS,https://www.capterra.com/p/155801/Inngenius-PMS/reviews/
985,Hospitality Property Management Software,Hotelist,https://www.capterra.com/p/171814/Hotelist/reviews/
986,Hospitality Property Management Software,Mews Commander,https://www.capterra.com/p/145487/Mews-Commander/reviews/
987,Hospitality Property Management Software,Semper,https://www.capterra.com/p/164816/Hospitality-Software/reviews/
988,Hospitality Property Management Software,Preno,https://www.capterra.com/p/153164/Preno/reviews/
989,"Hospitality Property Management Software ,Hotel Channel Management Software",NewBook,https://www.capterra.com/p/144942/NewBook/reviews/
990,Hospitality Property Management Software,Social Tables,https://www.capterra.com/p/151282/Social-Tables/reviews/
991,Hospitality Property Management Software,Hostify,https://www.capterra.com/p/183332/Hostify/reviews/
992,Hospitality Property Management Software,KWHotel,https://www.capterra.com/p/129404/KWHotel/reviews/
993,Hospitality Property Management Software,Gearco,https://www.capterra.com/p/33448/Gearco/reviews/
994,Hospitality Property Management Software,FantasticStay,https://www.capterra.com/p/175865/FantasticStay/reviews/
995,"Hospitality Property Management Software ,Hotel Channel Management Software",Octorate,https://www.capterra.com/p/168722/Octorate/reviews/
996,Hospitality Property Management Software,Visual Matrix PMS,https://www.capterra.com/p/24111/Visual-Matrix-PMS/reviews/
997,Hospitality Property Management Software,Maestro PMS,https://www.capterra.com/p/2437/Maestro-PMS/reviews/
998,Hospitality Property Management Software,GuestPoint,https://www.capterra.com/p/115621/GuestPoint/reviews/
999,"Hospitality Property Management Software ,Hotel Channel Management Software",inReception,https://www.capterra.com/p/209366/InReception/reviews/
1000,"Hospitality Property Management Software ,Hotel Channel Management Software",Roomsy,https://www.capterra.com/p/133679/Roomsy/reviews/
1001,Hospitality Property Management Software,BrightSide Rental Management,https://www.capterra.com/p/168870/BrightSide/reviews/
1002,"Hospitality Property Management Software ,Restaurant Management Software ,Restaurant POS Software",Ordyx,https://www.capterra.com/p/119838/Ordyx/reviews/
1003,Hospitality Property Management Software,WINHMS,https://www.capterra.com/p/128271/WinHMS-Express/reviews/
1004,Hospitality Property Management Software,HotSOS,https://www.capterra.com/p/213438/HotSOS/reviews/
1005,Hospitality Property Management Software,Smart Hotel,https://www.capterra.com/p/40949/Smart-Hotel-Software/reviews/
1006,"Hospitality Property Management Software ,Hotel Channel Management Software",Innkeeper's Advantage,https://www.capterra.com/p/129398/Innkeeper-s-Advantage/reviews/
1007,Hospitality Property Management Software,GENKAN,https://www.capterra.com/p/128184/GENKAN/reviews/
1008,Hospitality Property Management Software,iBex PMS,https://www.capterra.com/p/148849/Seekom-iBex/reviews/
1009,Hospitality Property Management Software,MotoPress Hotel Booking,https://www.capterra.com/p/177562/MotoPress-Hotel-Booking/reviews/
1010,Hospitality Property Management Software,Bookalet,https://www.capterra.com/p/143505/Bookalet/reviews/
1011,"Hospitality Property Management Software ,Hotel Channel Management Software",HiRUM Software Solutions,https://www.capterra.com/p/102629/HiRUM-PMS/reviews/
1012,Hospitality Property Management Software,Optima PMS,https://www.capterra.com/p/81072/Optima-PMS/reviews/
1013,Hospitality Property Management Software,protel PMS,https://www.capterra.com/p/83669/protel-PMS/reviews/
1014,"Hospitality Property Management Software ,Hotel Channel Management Software",Tashi,https://www.capterra.com/p/204075/Tashi/reviews/
1015,Hospitality Property Management Software,Destinity,https://www.capterra.com/p/182283/Destinity/reviews/
1016,"Hospitality Property Management Software ,Hotel Channel Management Software",OpenHotel PMS,https://www.capterra.com/p/126801/OpenHotel-PMS/reviews/
1017,Hospitality Property Management Software,Aladdin,https://www.capterra.com/p/189514/Aladdin/reviews/
1018,Hospitality Property Management Software,Amenitiz,https://www.capterra.com/p/183836/Amenitiz/reviews/
1019,Hospitality Property Management Software,Cohosting,https://www.capterra.com/p/178881/Cohosting/reviews/
1020,Hospitality Property Management Software,RoomRaccoon,https://www.capterra.com/p/153249/RoomRaccoon/reviews/
1021,Hospitality Property Management Software,Sistem Otel,https://www.capterra.com/p/161855/Sistem-Otel-PMS/reviews/
1022,Hospitality Property Management Software,Quore,https://www.capterra.com/p/169445/Quore/reviews/
1023,Hospitality Property Management Software,Transcendent,https://www.capterra.com/p/81773/Transcendent/reviews/
1024,Telemedicine Software,Doxy.me,https://www.capterra.com/p/158461/Doxy-me/reviews/
1025,Telemedicine Software,WebPT,https://www.capterra.com/p/92920/WebPT/reviews/
1026,Telemedicine Software,PrognoCIS,https://www.capterra.com/p/37932/PrognoCIS-EMR/reviews/
1027,Telemedicine Software,Vectera,https://www.capterra.com/p/176498/Vectera/reviews/
1028,Telemedicine Software,Updox,https://www.capterra.com/p/147554/Updox/reviews/
1029,Telemedicine Software,Zingtree,https://www.capterra.com/p/137736/Zingtree/reviews/
1030,Telemedicine Software,VSee Clinic,https://www.capterra.com/p/158468/Cloud-Clinic/reviews/
1031,Telemedicine Software,Rhinogram,https://www.capterra.com/p/192199/Rhinogram/reviews/
1032,Telemedicine Software,Bluestream Health,https://www.capterra.com/p/216698/Bluestream-Health/reviews/
1033,Telemedicine Software,Teladoc,https://www.capterra.com/p/190055/Teladoc/reviews/
1034,Telemedicine Software,Healee,https://www.capterra.com/p/202281/Healee/reviews/
1035,Telemedicine Software,TigerConnect,https://www.capterra.com/p/220841/TigerConnect/reviews/
1036,"Telemedicine Software ,Hospital Management Software",eVisit,https://www.capterra.com/p/136499/eVisit/reviews/
1037,Telemedicine Software,thera-LINK,https://www.capterra.com/p/173540/thera-LINK/reviews/
1038,Telemedicine Software,TeleHab,https://www.capterra.com/p/207551/TeleHab/reviews/
1039,Telemedicine Software,VidyoConnect,https://www.capterra.com/p/93688/VidyoConferencing/reviews/
1040,Telemedicine Software,Coviu,https://www.capterra.com/p/180925/Coviu/reviews/
1041,Telemedicine Software,Profi,https://www.capterra.com/p/239994/awarenow/reviews/
1042,Telemedicine Software,Gensolve Practice Manager,https://www.capterra.com/p/194519/Gensolve-Practice-Manager/reviews/
1043,Telemedicine Software,Medici,https://www.capterra.com/p/202389/Medici/reviews/
1044,Telemedicine Software,Chiron Health,https://www.capterra.com/p/158460/Chiron-Health/reviews/
1045,Telemedicine Software,Adracare,https://www.capterra.com/p/223100/Adracare/reviews/
1046,Telemedicine Software,Workpath,https://www.capterra.com/p/180228/Workpath/reviews/
1047,Telemedicine Software,Secure Telehealth,https://www.capterra.com/p/158464/Secure-Telehealth/reviews/
1048,Telemedicine Software,Teledentix,https://www.capterra.com/p/204307/Teledentix/reviews/
1049,Telemedicine Software,Shosp,https://www.capterra.com/p/188703/Shosp/reviews/
1050,Telemedicine Software,Quenza,https://www.capterra.com/p/218512/Quenza/reviews/
1051,Telemedicine Software,Cliniko,https://www.capterra.com/p/180878/Cliniko/reviews/
1052,Telemedicine Software,Anytime Pediatrics,https://www.capterra.com/p/201916/Anytime-Pediatrics/reviews/
1053,Telemedicine Software,Dr. First,https://www.capterra.com/p/119759/Rcopia/reviews/
1054,Telemedicine Software,Hucu.ai,https://www.capterra.com/p/201215/Hucu-ai/reviews/
1055,Telemedicine Software,iCouch,https://www.capterra.com/p/142270/iCouch/reviews/
1056,Telemedicine Software,TeleDent,https://www.capterra.com/p/178717/MouthWatch-TeleDent/reviews/
1057,Telemedicine Software,APTA Connect,https://www.capterra.com/p/131696/APTA-Connect/reviews/
1058,Telemedicine Software,iCare,https://www.capterra.com/p/124123/iCare/reviews/
1059,Telemedicine Software,Beam Health,https://www.capterra.com/p/203521/Beam-Health/reviews/
1060,Telemedicine Software,Doximity,https://www.capterra.com/p/205027/Doximity/reviews/
1061,Telemedicine Software,Panther,https://www.capterra.com/p/205377/Panther/reviews/
1062,Telemedicine Software,100Plus,https://www.capterra.com/p/207619/Remote-Patient-Monitoring/reviews/
1063,Telemedicine Software,WiCis CareFlows,https://www.capterra.com/p/179874/WiCis-CareFlows/reviews/
1064,Telemedicine Software,ACETIAM Solutions,https://www.capterra.com/p/174427/ACETIAM/reviews/
1065,Telemedicine Software,eMedicalPractice,https://www.capterra.com/p/118883/E-Med-Practice/reviews/
1066,Telemedicine Software,MDsuite EHR,https://www.capterra.com/p/145150/MDsuite-EHR/reviews/
1067,Telemedicine Software,ViTel Net,https://www.capterra.com/p/203294/ViTel-Net/reviews/
1068,Telemedicine Software,ContinuousCare,https://www.capterra.com/p/168262/Virtual-Practice/reviews/
1069,Telemedicine Software,DrCare247,https://www.capterra.com/p/186675/DrCare247/reviews/
1070,Telemedicine Software,HIPAA Video,https://www.capterra.com/p/194463/Telehealth-Video-Solution/reviews/
1071,Telemedicine Software,IBM Clinical Development,https://www.capterra.com/p/139887/IBM-Clinical-Development/reviews/
1072,"Telemedicine Software ,Healthcare CRM Software",Carbon Health,https://www.capterra.com/p/169331/Carbon-Health/reviews/
1073,Telemedicine Software,MyCaseRecords,https://www.capterra.com/p/176715/MyCaseRecords/reviews/
1074,Telemedicine Software,MyClinic,https://www.capterra.com/p/212004/MyClinic/reviews/
1075,"Telemedicine Software ,Healthcare CRM Software",Health Desk,https://www.capterra.com/p/212700/Keona-Health-Desk/reviews/
1076,Telemedicine Software,PhysicianVisit,https://www.capterra.com/p/179793/PhysicianVisit/reviews/
1077,Hospital Management Software,Smartsheet,https://www.capterra.com/p/79104/Smartsheet/reviews/
1078,Hospital Management Software,Availity,https://www.capterra.com/p/68854/Availity/reviews/
1079,Hospital Management Software,Rave Alert,https://www.capterra.com/p/178407/Rave-Alert/reviews/
1080,Hospital Management Software,TheWorxHub,https://www.capterra.com/p/212446/TheWorxHub/reviews/
1081,Hospital Management Software,RLDatix,https://www.capterra.com/p/146922/PolicyManager/reviews/
1082,Hospital Management Software,Ingenious Med,https://www.capterra.com/p/122713/Ingenious-Med/reviews/
1083,Hospital Management Software,Trillian,https://www.capterra.com/p/190684/Trillian/reviews/
1084,Hospital Management Software,SoftClinic,https://www.capterra.com/p/130500/SoftClinic/reviews/
1085,Hospital Management Software,TeamDesk,https://www.capterra.com/p/224885/TeamDesk/reviews/
1086,Hospital Management Software,Tirupati Integrated Hospital Management Software,https://www.capterra.com/p/142145/Hospital-Management-Software/reviews/
1087,Hospital Management Software,EDGE,https://www.capterra.com/p/183126/EDGE/reviews/
1088,Hospital Management Software,TheraOffice,https://www.capterra.com/p/92918/TheraOffice/reviews/
1089,Hospital Management Software,PYTHEOS,https://www.capterra.com/p/236537/PYTHEOS/reviews/
1090,Hospital Management Software,NetSolutions,https://www.capterra.com/p/228008/NetSolutions/reviews/
1091,Hospital Management Software,Health Data Archiver,https://www.capterra.com/p/126381/Health-Data-Archiver/reviews/
1092,Hospital Management Software,NaviNet Open,https://www.capterra.com/p/132973/NaviNet-Open/reviews/
1093,Hospital Management Software,Arrendale,https://www.capterra.com/p/204500/Arrendale/reviews/
1094,Hospital Management Software,ProMed,https://www.capterra.com/p/143584/ProMed/reviews/
1095,Hospital Management Software,PineappleHR,https://www.capterra.com/p/150880/PineappleHR/reviews/
1096,Hospital Management Software,Medstar HIS,https://www.capterra.com/p/158383/Medstar-HIS/reviews/
1097,Hospital Management Software,SIMPLEX HIMES,https://www.capterra.com/p/171338/SIMPLEX-HIMES/reviews/
1098,Hospital Management Software,MEG,https://www.capterra.com/p/216881/MEG/reviews/
1099,Hospital Management Software,MocDoc HMS,https://www.capterra.com/p/161290/MocDoc-HMS/reviews/
1100,Hospital Management Software,uniwide HIMS,https://www.capterra.com/p/145137/uniwide-HIMS/reviews/
1101,Hospital Management Software,Health.NET,https://www.capterra.com/p/139876/Health-NET/reviews/
1102,Hospital Management Software,PwaveHosp,https://www.capterra.com/p/157112/PwaveHosp/reviews/
1103,Hospital Management Software,BrickMed Office,https://www.capterra.com/p/17180/BrickMed-Scheduler/reviews/
1104,Hospital Management Software,AdvantX,https://www.capterra.com/p/172145/AdvantX/reviews/
1105,Hospital Management Software,goporter,https://www.capterra.com/p/186234/goporter-porter-tracking-system/reviews/
1106,Hospital Management Software,Affinity ERP,https://www.capterra.com/p/220617/Affinity-ERP/reviews/
1107,Hospital Management Software,StaffStat,https://www.capterra.com/p/191853/StaffStat/reviews/
1108,Hospital Management Software,eMediTrack,https://www.capterra.com/p/136955/eMediTrack/reviews/
1109,Hospital Management Software,MD-Staff,https://www.capterra.com/p/131881/MD-Staff/reviews/
1110,Hospital Management Software,Administrator Plus,https://www.capterra.com/p/22867/Administrator-Plus/reviews/
1111,Hospital Management Software,HIMS,https://www.capterra.com/p/144693/HIMS/reviews/
1112,Hospital Management Software,MEDHOST EDIS,https://www.capterra.com/p/6000/MEDHOST-EDIS/reviews/
1113,Hospital Management Software,SisoHIS,https://www.capterra.com/p/151639/SisoHIS/reviews/
1114,Hospital Management Software,Quanta WebHIMS,https://www.capterra.com/p/122168/Quanta-WebHIMS/reviews/
1115,Hospital Management Software,eHAT,https://www.capterra.com/p/136505/eHAT/reviews/
1116,Hospital Management Software,WebTMA,https://www.capterra.com/p/15155/TMA/reviews/
1117,Hospital Management Software,Clinibase,https://www.capterra.com/p/141381/Clinibase/reviews/
1118,Hospital Management Software,PulsePro Practice Management,https://www.capterra.com/p/19419/PulsePro-Practice-Management/reviews/
1119,Hospital Management Software,symplr Payer,https://www.capterra.com/p/106812/symplr-payer/reviews/
1120,Hospital Management Software,Axpert HMS,https://www.capterra.com/p/158633/Axpert-HMS/reviews/
1121,"Hospital Management Software ,Healthcare CRM Software",TIMS Medical,https://www.capterra.com/p/124728/TIMS-Medical/reviews/
1122,Hospital Management Software,Hospital Information Management System (PCS technology),https://www.capterra.com/p/142991/Hospital-Information-Management-System/reviews/
1123,Hospital Management Software,NHCircle,https://www.capterra.com/p/205493/NH-Circle/reviews/
1124,Hospital Management Software,Hospicare,https://www.capterra.com/p/153417/Hospicare/reviews/
1125,Hospital Management Software,EMRDoc,https://www.capterra.com/p/161979/EMRDoc/reviews/
1126,Hospital Management Software,TiaMD NuMR,https://www.capterra.com/p/174616/TiaMD-NuMR/reviews/
1127,Hospital Management Software,HMS Ultima,https://www.capterra.com/p/148686/HMS-Ultima/reviews/
1128,Hospital Management Software,Connexall,https://www.capterra.com/p/124132/Connexall/reviews/
1129,Hospital Management Software,GeniPulse,https://www.capterra.com/p/143231/GeniPulse/reviews/
1130,Hospital Management Software,GeroPro,https://www.capterra.com/p/95943/GeroPro/reviews/
1131,Hospital Management Software,Suvarna-HIS,https://www.capterra.com/p/130496/Suvarna-HIS/reviews/
1132,Hospital Management Software,ePrognosis,https://www.capterra.com/p/130169/ePrognosis/reviews/
1133,Hospital Management Software,StrataJazz,https://www.capterra.com/p/137830/StrataJazz/reviews/
1134,Hospital Management Software,Datix,https://www.capterra.com/p/119104/Datix/reviews/
1135,Hospital Management Software,Miracle HIS,https://www.capterra.com/p/150326/Miracle-HIS/reviews/
1136,Hospital Management Software,Amrita HIS,https://www.capterra.com/p/151753/Amrita-HIS/reviews/
1137,Hospital Management Software,Ezovion HMS,https://www.capterra.com/p/199966/Ezovion-HMS/reviews/
1138,Hospital Management Software,Optimus,https://www.capterra.com/p/202103/Optimus/reviews/
1139,Hospital Management Software,Flex-HIS,https://www.capterra.com/p/207786/eHealthFlex/reviews/
1140,Hospital Management Software,e-hospital,https://www.capterra.com/p/199230/e-hospital/reviews/
1141,Hospital Management Software,MedModel Optimization Suite,https://www.capterra.com/p/183740/MedModel-Optimization-Suite/reviews/
1142,Hospital Management Software,EazyHMS,https://www.capterra.com/p/186204/EazyHMS/reviews/
1143,Hospital Management Software,VersaSuite,https://www.capterra.com/p/20460/VersaSuite/reviews/
1144,Hospital Management Software,Elsevier Performance Manager,https://www.capterra.com/p/114291/Elsevier-Performance-Manager/reviews/
1145,Hospital Management Software,Hospital Management Advance Software,https://www.capterra.com/p/179267/Hospital-Management-Advance-Software/reviews/
1146,Hospital Management Software,Sanela Hospital Management System,https://www.capterra.com/p/166391/Sanela-Hospital-Management-Software/reviews/
1147,Hospital Management Software,Medismart,https://www.capterra.com/p/168544/Medismart/reviews/
1148,Hospital Management Software,DxScript,https://www.capterra.com/p/111349/DxScript/reviews/
1149,Hospital Management Software,Aarogya,https://www.capterra.com/p/140794/Aarogya/reviews/
1150,Hospital Management Software,Mediware,https://www.capterra.com/p/130506/Mediware/reviews/
1151,Hospital Management Software,BHISHAK-HIMS,https://www.capterra.com/p/144003/BHISHAK-HIMS/reviews/
1152,Hospital Management Software,E-HAS,https://www.capterra.com/p/150937/E-HAS/reviews/
1153,Hospital Management Software,Lifeline Suite,https://www.capterra.com/p/136127/Lifeline-Suite/reviews/
1154,Hospital Management Software,Eazy HMS,https://www.capterra.com/p/137182/Eazy-HMS/reviews/
1155,Hospital Management Software,eMed,https://www.capterra.com/p/66171/eMed/reviews/
1156,Hospital Management Software,Get Well,https://www.capterra.com/p/133339/Get-Well/reviews/
1157,Hospital Management Software,i-Care (iClinic),https://www.capterra.com/p/89970/i-Care/reviews/
1158,Hospital Management Software,Xceedia HCMS,https://www.capterra.com/p/132057/Xceedia-HCMS/reviews/
1159,Hospital Management Software,RevSpring,https://www.capterra.com/p/141025/mySuite/reviews/
1160,Hospital Management Software,Compucare,https://www.capterra.com/p/205825/Compucare/reviews/
1161,Hospital Management Software,Smia,https://www.capterra.com/p/190237/Smia/reviews/
1162,Hospital Management Software,Soft.Prodoc,https://www.capterra.com/p/180718/Soft-Prodoc/reviews/
1163,Hospital Management Software,Caxita HMS,https://www.capterra.com/p/130507/Caxita-HMS/reviews/
1164,Hospital Management Software,Carelite,https://www.capterra.com/p/151037/Hospital-Information-System/reviews/
1165,Hospital Management Software,Electra Hospital Management System,https://www.capterra.com/p/131239/Hospital-Management-System/reviews/
1166,Hospital Management Software,iceApple,https://www.capterra.com/p/149568/iceApple/reviews/
1167,Hospital Management Software,Ideamed,https://www.capterra.com/p/144929/Ideamed/reviews/
1168,Healthcare CRM Software,Bitrix24,https://www.capterra.com/p/113540/Bitrix24/reviews/
1169,Healthcare CRM Software,PlanPlus Online,https://www.capterra.com/p/132397/PlanPlus-CRM/reviews/
1170,Healthcare CRM Software,Happy Charting,https://www.capterra.com/p/206024/Happy-Charting/reviews/
1171,Healthcare CRM Software,Ripple,https://www.capterra.com/p/171183/Ripple/reviews/
1172,Healthcare CRM Software,Club Automation,https://www.capterra.com/p/225036/Club-Automation/reviews/
1173,Healthcare CRM Software,CentraHub CRM,https://www.capterra.com/p/191388/Centra-Hub-CRM/reviews/
1174,Healthcare CRM Software,OneHash,https://www.capterra.com/p/237499/OneHash/reviews/
1175,Healthcare CRM Software,Influx MD,https://www.capterra.com/p/169346/Influx-MD/reviews/
1176,Healthcare CRM Software,Jamio openwork,https://www.capterra.com/p/237261/Jamio-is-a-no-code-business-process-management-application-builder-solution/reviews/
1177,Healthcare CRM Software,Pega CRM,https://www.capterra.com/p/157/Pega-CRM/reviews/
1178,Healthcare CRM Software,OperaDDS,https://www.capterra.com/p/168531/OperaDDS/reviews/
1179,Healthcare CRM Software,EverGenius,https://www.capterra.com/p/179212/EverGenius/reviews/
1180,Healthcare CRM Software,ShiftCare,https://www.capterra.com/p/233684/ShiftCare/reviews/
1181,Healthcare CRM Software,AgentCubed,https://www.capterra.com/p/135371/AgentCubed/reviews/
1182,Healthcare CRM Software,Carepatron,https://www.capterra.com/p/195467/Care-Patron/reviews/
1183,Healthcare CRM Software,Hg Mercury CRM,https://www.capterra.com/p/163488/Healthgrades-CRM/reviews/
1184,Healthcare CRM Software,PlayMaker Health,https://www.capterra.com/p/178612/Playmaker-Spark/reviews/
1185,Healthcare CRM Software,isosconnect,https://www.capterra.com/p/231046/isosconnect/reviews/
1186,Healthcare CRM Software,Toolyt SFA,https://www.capterra.com/p/153494/Toolyt-SFA/reviews/
1187,Healthcare CRM Software,ReferralMD,https://www.capterra.com/p/140841/referralMD/reviews/
1188,Healthcare CRM Software,MDprospects,https://www.capterra.com/p/231764/MDprospects/reviews/
1189,Healthcare CRM Software,Enquire CRM,https://www.capterra.com/p/225920/Enquire-CRM/reviews/
1190,Healthcare CRM Software,HUMHEALTH,https://www.capterra.com/p/166720/Humhealth/reviews/
1191,Healthcare CRM Software,GrowthPlug,https://www.capterra.com/p/205024/GrowthPlug/reviews/
1192,Healthcare CRM Software,Exact for CRM,https://www.capterra.com/p/236067/Exact-for-CRM/reviews/
1193,Healthcare CRM Software,Health System Growth,https://www.capterra.com/p/200430/Welltok-Patientology/reviews/
1194,Healthcare CRM Software,HealthQuest 3.0,https://www.capterra.com/p/164810/HealthQuest-3-0/reviews/
1195,Healthcare CRM Software,Surglogs,https://www.capterra.com/p/204410/Surglogs/reviews/
1196,Healthcare CRM Software,Real Home Finders,https://www.capterra.com/p/145595/Real-Home-Finders/reviews/
1197,Healthcare CRM Software,Health Cloud,https://www.capterra.com/p/172299/Health-Cloud/reviews/
1198,Healthcare CRM Software,MedBridge,https://www.capterra.com/p/207048/MedBridge-Learning-Management-System/reviews/
1199,Healthcare CRM Software,TurnPoint Care,https://www.capterra.com/p/168147/TurnPoint-Care/reviews/
1200,Healthcare CRM Software,Advanced Rx,https://www.capterra.com/p/132962/Advanced-Rx/reviews/
1201,Healthcare CRM Software,Onpipeline,https://www.capterra.com/p/194459/Onpipeline/reviews/
1202,Healthcare CRM Software,MedicarePRO CRM,https://www.capterra.com/p/230050/MedicarePRO-CRM/reviews/
1203,Healthcare CRM Software,MedMe,https://www.capterra.com/p/228865/MedMe/reviews/
1204,Healthcare CRM Software,One Time Home Health Care,https://www.capterra.com/p/201967/One-Time-Home-Health-Care/reviews/
1205,Healthcare CRM Software,ChilliDB,https://www.capterra.com/p/132995/ChilliDB/reviews/
1206,Healthcare CRM Software,Tuotempo Patient CRM,https://www.capterra.com/p/78388/Tuotempo-Patient-CRM/reviews/
1207,Healthcare CRM Software,Isoratec,https://www.capterra.com/p/174985/isoratec/reviews/
1208,Healthcare CRM Software,KEA,https://www.capterra.com/p/151619/KEA/reviews/
1209,Healthcare CRM Software,Marketware,https://www.capterra.com/p/116650/Healthcare-CRM/reviews/
1210,Healthcare CRM Software,VBAGateway,https://www.capterra.com/p/208264/VBAGateway/reviews/
1211,Healthcare CRM Software,BeterDichtbij,https://www.capterra.com/p/205795/BeterDichtbij/reviews/
1212,Healthcare CRM Software,Better Clinics,https://www.capterra.com/p/229262/Better-Clinics/reviews/
1213,Healthcare CRM Software,BP Allied,https://www.capterra.com/p/212999/Bp-Allied/reviews/
1214,Healthcare CRM Software,BrightInsight,https://www.capterra.com/p/184432/BrightInsight/reviews/
1215,Healthcare CRM Software,CarelinkPlus,https://www.capterra.com/p/209400/CarelinkPlus/reviews/
1216,Healthcare CRM Software,CarePlan,https://www.capterra.com/p/204397/CarePlan/reviews/
1217,Healthcare CRM Software,CliniGro,https://www.capterra.com/p/213072/CliniGro/reviews/
1218,Healthcare CRM Software,Colibrium Marketplace,https://www.capterra.com/p/180942/Colibrium-Marketplace/reviews/
1219,Healthcare CRM Software,Consult√≥rio Live,https://www.capterra.com/p/218606/Consultorio-Live/reviews/
1220,Healthcare CRM Software,Curo,https://www.capterra.com/p/214483/Curo/reviews/
1221,Healthcare CRM Software,d2i,https://www.capterra.com/p/168867/d2i/reviews/
1222,Healthcare CRM Software,DocEngage,https://www.capterra.com/p/178781/DocEngage/reviews/
1223,Healthcare CRM Software,Docplanner,https://www.capterra.com/p/177052/Docplanner/reviews/
1224,Healthcare CRM Software,EduHealth,https://www.capterra.com/p/218578/EduHealth/reviews/
1225,Healthcare CRM Software,Enterprise Medical Imaging,https://www.capterra.com/p/172553/Enterprise-Medical-Imaging-Solution/reviews/
1226,Healthcare CRM Software,Evariant,https://www.capterra.com/p/163487/Evariant-Platform/reviews/
1227,Healthcare CRM Software,EVOLUCARE Suite,https://www.capterra.com/p/173505/EVOLUCARE/reviews/
1228,Healthcare CRM Software,eZaango Care Partners,https://www.capterra.com/p/232659/eZaango-Care-Partners/reviews/
1229,Healthcare CRM Software,Grand Rounds Health,https://www.capterra.com/p/233636/Grand-Rounds-Health/reviews/
1230,Healthcare CRM Software,GSO Care,https://www.capterra.com/p/206018/GSO-Care/reviews/
1231,Healthcare CRM Software,GuidingCare,https://www.capterra.com/p/235253/GuidingCare/reviews/
1232,Healthcare CRM Software,hc1 High-Value Care Platform,https://www.capterra.com/p/142488/hc1-com/reviews/
1233,Healthcare CRM Software,HDS Ecosystem,https://www.capterra.com/p/173501/HDS-Ecosystem/reviews/
1234,Healthcare CRM Software,HealthOS,https://www.capterra.com/p/213419/HealthOS/reviews/
1235,Healthcare CRM Software,Human API,https://www.capterra.com/p/187795/Human-API/reviews/
1236,Healthcare CRM Software,ICW eHealth Suite,https://www.capterra.com/p/174966/ICW-eHealth-Suite/reviews/
1237,Healthcare CRM Software,Inflowcare,https://www.capterra.com/p/231005/Inflowcare/reviews/
1238,Healthcare CRM Software,Invorg E6-Client Centred Care Platform,https://www.capterra.com/p/203168/E6-Client-Centred-Care-Platform/reviews/
1239,Healthcare CRM Software,ItaQuod Structured CRM,https://www.capterra.com/p/173596/ItaQuod-Structured-CRM/reviews/
1240,Healthcare CRM Software,Leads CRM,https://www.capterra.com/p/218918/Leads-CRM/reviews/
1241,Healthcare CRM Software,Lifen,https://www.capterra.com/p/197194/Lifen/reviews/
1242,Restaurant Management Software,7shifts,https://www.capterra.com/p/123038/7shifts-Restaurant-Scheduling/reviews/
1243,Restaurant Management Software,OpenTable,https://www.capterra.com/p/17313/OpenTable-for-Restaurants/reviews/
1244,"Restaurant Management Software ,Hotel Channel Management Software",Tripleseat,https://www.capterra.com/p/118047/Tripleseat/reviews/
1245,Restaurant Management Software,Yodeck,https://www.capterra.com/p/228571/Yodeck/reviews/
1246,"Restaurant Management Software ,Restaurant POS Software",CAKE POS,https://www.capterra.com/p/212075/CAKE-POS/reviews/
1247,Restaurant Management Software,HotSchedules,https://www.capterra.com/p/52611/HotSchedules/reviews/
1248,"Restaurant Management Software ,Restaurant POS Software",TouchBistro,https://www.capterra.com/p/140677/TouchBistro/reviews/
1249,"Restaurant Management Software ,Restaurant POS Software",Clover,https://www.capterra.com/p/226864/Clover-/reviews/
1250,Restaurant Management Software,SeatMe,https://www.capterra.com/p/130358/Yelp-Reservations/reviews/
1251,"Restaurant Management Software ,Restaurant POS Software",Toast POS,https://www.capterra.com/p/136301/Toast-POS/reviews/
1252,"Restaurant Management Software ,Restaurant POS Software",Epos Now,https://www.capterra.com/p/152638/Epos-Now/reviews/
1253,"Restaurant Management Software ,Restaurant POS Software",Upserve,https://www.capterra.com/p/140696/Breadcrumb-POS/reviews/
1254,Restaurant Management Software,Jolt,https://www.capterra.com/p/146384/Jolt/reviews/
1255,"Restaurant Management Software ,Restaurant POS Software",GoFrugal,https://www.capterra.com/p/71693/GoFrugal-POS-Software/reviews/
1256,"Restaurant Management Software ,Restaurant POS Software",LS Retail,https://www.capterra.com/p/37935/LS-Retail/reviews/
1257,"Restaurant Management Software ,Restaurant POS Software",SpotOn Restaurant,https://www.capterra.com/p/197473/SpotOn-Restaurant/reviews/
1258,Restaurant Management Software,Craftable,https://www.capterra.com/p/200434/Craftable/reviews/
1259,"Restaurant Management Software ,Restaurant POS Software",Lightspeed POS,https://www.capterra.com/p/141124/Lightspeed-POS/reviews/
1260,"Restaurant Management Software ,Restaurant POS Software",Flipdish,https://www.capterra.com/p/156603/Flipdish/reviews/
1261,Restaurant Management Software,honeybeeBase,https://www.capterra.com/p/170606/honeybeeBase/reviews/
1262,Restaurant Management Software,eZee Burrp!,https://www.capterra.com/p/141724/eZee-Burrp/reviews/
1263,"Restaurant Management Software ,Restaurant POS Software",Lavu POS,https://www.capterra.com/p/212485/Lavu/reviews/
1264,"Restaurant Management Software ,Restaurant POS Software",Harbortouch POS,https://www.capterra.com/p/118757/Harbortouch-POS/reviews/
1265,Restaurant Management Software,Schedulefly,https://www.capterra.com/p/76735/Schedulefly/reviews/
1266,Restaurant Management Software,FreshCheq,https://www.capterra.com/p/169124/FreshCheq/reviews/
1267,"Restaurant Management Software ,Restaurant POS Software",MYR POS,https://www.capterra.com/p/174862/myr-pos/reviews/
1268,"Restaurant Management Software ,Restaurant POS Software",NCR Aloha,https://www.capterra.com/p/190446/NCR-Aloha-POS/reviews/
1269,Restaurant Management Software,Evergreen,https://www.capterra.com/p/151523/TapHunter/reviews/
1270,Restaurant Management Software,MeazureUp,https://www.capterra.com/p/175239/MeazureUp-Audit-Applications/reviews/
1271,Restaurant Management Software,ChefMod,https://www.capterra.com/p/160571/ChefMod/reviews/
1272,Restaurant Management Software,Marketman,https://www.capterra.com/p/136439/Marketman-Restaurant-Inventory/reviews/
1273,"Restaurant Management Software ,Restaurant POS Software",Lightspeed Restaurant,https://www.capterra.com/p/211849/Lightspeed-Resturant/reviews/
1274,"Restaurant Management Software ,Restaurant POS Software",Aloha EPOS,https://www.capterra.com/p/178748/Aloha/reviews/
1275,"Restaurant Management Software ,Restaurant POS Software",PointOS,https://www.capterra.com/p/81291/PointOS-Professional/reviews/
1276,"Restaurant Management Software ,Restaurant POS Software",POSist,https://www.capterra.com/p/142877/POSist/reviews/
1277,Restaurant Management Software,Zenput,https://www.capterra.com/p/139348/Zenput/reviews/
1278,"Restaurant Management Software ,Restaurant POS Software",GloriaFood,https://www.capterra.com/p/198378/GloriaFood/reviews/
1279,Restaurant Management Software,Push Operations,https://www.capterra.com/p/154933/Push-Operations/reviews/
1280,Restaurant Management Software,Restaurant Systems Pro,https://www.capterra.com/p/180564/SMART-Systems-Pro/reviews/
1281,"Restaurant Management Software ,Restaurant POS Software",BIM POS,https://www.capterra.com/p/143097/BIM-POS/reviews/
1282,"Restaurant Management Software ,Restaurant POS Software",KickFin,https://www.capterra.com/p/217029/KickFin/reviews/
1283,Restaurant Management Software,TastyIgniter,https://www.capterra.com/p/185818/TastyIgniter/reviews/
1284,"Restaurant Management Software ,Restaurant POS Software",AccuPOS,https://www.capterra.com/p/121583/AccuPOS-Point-Of-Sale-Software/reviews/
1285,"Restaurant Management Software ,Restaurant POS Software",Maitre'D,https://www.capterra.com/p/120010/MaitreD-POS/reviews/
1286,Restaurant Management Software,Restaurant365,https://www.capterra.com/p/139768/Restaurant365/reviews/
1287,Restaurant Management Software,Shore.com,https://www.capterra.com/p/154192/Shore-com/reviews/
1288,"Restaurant Management Software ,Restaurant POS Software",Restaurant Manager by Action Systems,https://www.capterra.com/p/2303/Restaurant-Manager/reviews/
1289,Restaurant Management Software,DiscoverLink Talent LMS,https://www.capterra.com/p/223798/DiscoverLink-Talent-LMS/reviews/
1290,Restaurant Management Software,Plate IQ,https://www.capterra.com/p/148741/Plate-IQ/reviews/
1291,Restaurant Management Software,PeachWorks,https://www.capterra.com/p/125698/PeachWorks/reviews/
1292,"Restaurant Management Software ,Restaurant POS Software",Linga rOS System,https://www.capterra.com/p/153214/Linga-POS/reviews/
1293,"Restaurant Management Software ,Restaurant POS Software",Sapaad,https://www.capterra.com/p/143844/Sapaad/reviews/
1294,"Restaurant Management Software ,Restaurant POS Software",HungerRush,https://www.capterra.com/p/122189/Revention/reviews/
1295,"Restaurant Management Software ,Restaurant POS Software",Square for Restaurants,https://www.capterra.com/p/183267/Square-for-Restaurants/reviews/
1296,Restaurant Management Software,Harri,https://www.capterra.com/p/154172/Total-Talent-Solution/reviews/
1297,Restaurant Management Software,BlueCart,https://www.capterra.com/p/150106/BlueCart/reviews/
1298,Restaurant Management Software,Carbonara,https://www.capterra.com/p/215565/Carbonara/reviews/
1299,Restaurant Management Software,APICBASE Food Management,https://www.capterra.com/p/171584/APIC-Kitchen-Manager/reviews/
1300,"Restaurant Management Software ,Restaurant POS Software",Veloce,https://www.capterra.com/p/160684/Veloce/reviews/
1301,Restaurant Management Software,Wisetail LMS,https://www.capterra.com/p/225441/Wisetail-LMS/reviews/
1302,"Restaurant Management Software ,Restaurant POS Software",XERA POS,https://www.capterra.com/p/109471/Aldelo-for-Restaurants/reviews/
1303,Restaurant Management Software,ClickBACON,https://www.capterra.com/p/177416/ClickBACON/reviews/
1304,Restaurant Management Software,Compeat,https://www.capterra.com/p/59116/Compeat/reviews/
1305,Restaurant Management Software,Kitchen CUT,https://www.capterra.com/p/157467/Kitchen-CUT/reviews/
1306,Restaurant Management Software,iPost,https://www.capterra.com/p/31511/iMM/reviews/
1307,Restaurant Management Software,MarginEdge,https://www.capterra.com/p/187718/MarginEdge/reviews/
1308,Restaurant Management Software,TablesReady,https://www.capterra.com/p/177074/TablesReady/reviews/
1309,"Restaurant Management Software ,Restaurant POS Software",Slurp!,https://www.capterra.com/p/155970/Slurp/reviews/
1310,"Restaurant Management Software ,Restaurant POS Software",Simphony POS,https://www.capterra.com/p/202814/Oracle-MICROS-Simphony/reviews/
1311,Restaurant Management Software,CAKE Guest Manager,https://www.capterra.com/p/162819/CAKE-Guest-Manager/reviews/
1312,"Restaurant Management Software ,Restaurant POS Software",FoodZaps,https://www.capterra.com/p/146921/FoodZaps-Mobile-Ordering-POS-System/reviews/
1313,Restaurant Management Software,GoGoGuest,https://www.capterra.com/p/176249/GoGoGuest/reviews/
1314,"Restaurant Management Software ,Restaurant POS Software",Rezku POS,https://www.capterra.com/p/157466/Rezku-POS/reviews/
1315,"Restaurant Management Software ,Restaurant POS Software",Microworks Prism POS,https://www.capterra.com/p/2314/PrISM/reviews/
1316,"Restaurant Management Software ,Restaurant POS Software",Squirrel POS,https://www.capterra.com/p/43475/Squirrel-POS/reviews/
1317,Restaurant Management Software,FoodDocs,https://www.capterra.com/p/214198/FoodDocs/reviews/
1318,Restaurant Management Software,ConnectSmart¬Æ Kitchen,https://www.capterra.com/p/119321/ConnectSmart-Kitchen/reviews/
1319,"Restaurant Management Software ,Restaurant POS Software",BPA Restaurant Professional,https://www.capterra.com/p/8345/BPA-Restaurant-Professional/reviews/
1320,"Restaurant Management Software ,Restaurant POS Software",POSitouch,https://www.capterra.com/p/29149/POSitouch/reviews/
1321,Restaurant Management Software,Ovation,https://www.capterra.com/p/181479/Ovation/reviews/
1322,Restaurant Management Software,AreTheyHappy,https://www.capterra.com/p/189329/Online-Reputation-Management/reviews/
1323,Restaurant Management Software,Spiffy,https://www.capterra.com/p/176227/Spiffy/reviews/
1324,"Restaurant Management Software ,Restaurant POS Software",SmartSwipe,https://www.capterra.com/p/160523/SmartSwipe/reviews/
1325,Restaurant Management Software,Opsyte,https://www.capterra.com/p/231521/Opsyte/reviews/
1326,Restaurant Management Software,Horeko,https://www.capterra.com/p/182663/Horeko/reviews/
1327,"Restaurant Management Software ,Restaurant POS Software",Poster POS,https://www.capterra.com/p/141470/Poster-POS/reviews/
1328,Restaurant Management Software,SevenRooms,https://www.capterra.com/p/165480/SevenRooms/reviews/
1329,Restaurant Management Software,Resy OS,https://www.capterra.com/p/197806/ResyOS/reviews/
1330,Restaurant Management Software,CrunchTime,https://www.capterra.com/p/2294/CrunchTime-Back-Office/reviews/
1331,Restaurant Management Software,FavouriteTable,https://www.capterra.com/p/211402/FavouriteTable/reviews/
1332,"Restaurant Management Software ,Restaurant POS Software",OVVI POS,https://www.capterra.com/p/135035/POSsible-Restaurant-POS/reviews/
1333,"Restaurant Management Software ,Restaurant POS Software",ITWERCS,https://www.capterra.com/p/179529/ITWERCS-Cloud-Point-of-Sale/reviews/
1334,Restaurant Management Software,eHungry,https://www.capterra.com/p/167625/eHungry/reviews/
1335,Hotel Channel Management Software,STAAH Channel Manager,https://www.capterra.com/p/129409/STAAH-Channel-Manager/reviews/
1336,Hotel Channel Management Software,SiteMinder,https://www.capterra.com/p/123133/SiteMinder/reviews/
1337,Hotel Channel Management Software,Event Temple,https://www.capterra.com/p/157951/Event-Temple/reviews/
1338,Hotel Channel Management Software,Update247,https://www.capterra.com/p/190995/Update247-Channel-Manager/reviews/
1339,Hotel Channel Management Software,RateTiger Suite,https://www.capterra.com/p/106890/RateTiger/reviews/
1340,Hotel Channel Management Software,NightsBridge,https://www.capterra.com/p/191455/NightsBridge/reviews/
1341,Hotel Channel Management Software,WeBee,https://www.capterra.com/p/177333/Guest-Engagement-Platform/reviews/
1342,Hotel Channel Management Software,VacationsPal,https://www.capterra.com/p/151527/VacationsPal/reviews/
1343,Hotel Channel Management Software,Smartpricing,https://www.capterra.com/p/203834/Smartpricing/reviews/
1344,Hotel Channel Management Software,RoomCloud,https://www.capterra.com/p/215415/RoomCloud/reviews/
1345,Hotel Channel Management Software,mycloud PMS,https://www.capterra.com/p/138380/mycloud-PMS/reviews/
1346,Hotel Channel Management Software,Lobby PMS,https://www.capterra.com/p/178152/Lobbypms/reviews/
1347,Hotel Channel Management Software,The Lobby Boy,https://www.capterra.com/p/192905/The-Lobby-Boy/reviews/
1348,Hotel Channel Management Software,Resly,https://www.capterra.com/p/207316/Resly/reviews/
1349,Hotel Channel Management Software,Agilysys Stay,https://www.capterra.com/p/193533/rGuest-Stay/reviews/
1350,Hotel Channel Management Software,Book It Now,https://www.capterra.com/p/169892/Book-It-Now/reviews/
1351,Hotel Channel Management Software,HotelFriend,https://www.capterra.com/p/169263/HotelFriend/reviews/
1352,Hotel Channel Management Software,OnRes,https://www.capterra.com/p/93708/AccomPro/reviews/
1353,Hotel Channel Management Software,MyRent,https://www.capterra.com/p/154293/myRent/reviews/
1354,Hotel Channel Management Software,Misterbooking PMS,https://www.capterra.com/p/154267/Misterbooking-PMS/reviews/
1355,Hotel Channel Management Software,Vertical Booking,https://www.capterra.com/p/161324/Vertical-Booking/reviews/
1356,Hotel Channel Management Software,OwlNest,https://www.capterra.com/p/201920/OwlNest/reviews/
1357,Hotel Channel Management Software,caesar data,https://www.capterra.com/p/200203/caesar-data/reviews/
1358,Hotel Channel Management Software,RezGain,https://www.capterra.com/p/142933/RezGain/reviews/
1359,Hotel Channel Management Software,Clerk,https://www.capterra.com/p/118314/Clerk-Hotel-Management/reviews/
1360,Hotel Channel Management Software,NOBEDS,https://www.capterra.com/p/176616/NOBEDS/reviews/
1361,Hotel Channel Management Software,ResRequest,https://www.capterra.com/p/188003/ResRequest/reviews/
1362,Hotel Channel Management Software,ivector,https://www.capterra.com/p/34149/ivector/reviews/
1363,Hotel Channel Management Software,Cheerze Connect,https://www.capterra.com/p/121949/Cheerze/reviews/
1364,Hotel Channel Management Software,Booker Tools,https://www.capterra.com/p/192014/Booker-Tools/reviews/
1365,Hotel Channel Management Software,Airhost,https://www.capterra.com/p/191936/Airhost/reviews/
1366,Hotel Channel Management Software,Booking Direct,https://www.capterra.com/p/208092/Booking-Direct/reviews/
1367,Hotel Channel Management Software,D-EDGE,https://www.capterra.com/p/205670/D-EDGE-Booking-Engine/reviews/
1368,Hotel Channel Management Software,e-GDS Channel Manager,https://www.capterra.com/p/183447/e-GDS-Channel-Manger/reviews/
1369,Hotel Channel Management Software,elloha,https://www.capterra.com/p/236859/elloha/reviews/
1370,Hotel Channel Management Software,ESolution Hotel,https://www.capterra.com/p/217162/ESolution-Hotel/reviews/
1371,Hotel Channel Management Software,Front2Go,https://www.capterra.com/p/216857/Front-2-Go/reviews/
1372,Hotel Channel Management Software,gestionali turismo,https://www.capterra.com/p/218299/gestionali-turismo/reviews/
1373,Hotel Channel Management Software,HiSITE Channel Manager,https://www.capterra.com/p/230794/HiSITE-Channel-Manager/reviews/
1374,Hotel Channel Management Software,HMS Hotel Program,https://www.capterra.com/p/229240/HMS-Hotel-Management-Software/reviews/
1375,Hotel Channel Management Software,Hotel Channel Manager,https://www.capterra.com/p/240636/Hotel-Channel-Manager/reviews/
1376,Hotel Channel Management Software,Hotelnet,https://www.capterra.com/p/217374/Hotelnet/reviews/
1377,Hotel Channel Management Software,HotSuite,https://www.capterra.com/p/232337/HotSuite/reviews/
1378,Hotel Channel Management Software,Matrix Hotel,https://www.capterra.com/p/230226/Matrix-Hotel/reviews/
1379,Hotel Channel Management Software,MaxiChannel Manager,https://www.capterra.com/p/181022/MaxiChannel-Manager/reviews/
1380,Hotel Channel Management Software,MyGuestCare,https://www.capterra.com/p/187407/MyGuestCare/reviews/
1381,Hotel Channel Management Software,NextPax Channel Management System,https://www.capterra.com/p/219431/NextPax-Channel-Management-System/reviews/
1382,Hotel Channel Management Software,OneCLiK,https://www.capterra.com/p/183537/OneCLiK/reviews/
1383,Hotel Channel Management Software,OONEKEY,https://www.capterra.com/p/206002/OONEKEY/reviews/
1384,Hotel Channel Management Software,Opera Connector,https://www.capterra.com/p/215700/Opera-Connector/reviews/
1385,Hotel Channel Management Software,ORBE Booking,https://www.capterra.com/p/231695/ORBE-Booking/reviews/
1386,Hotel Channel Management Software,Salesforce for Travel & Hospitality,https://www.capterra.com/p/234602/Salesforce-for-Travel--Hospitality/reviews/
1387,Hotel Channel Management Software,Smarthotel,https://www.capterra.com/p/219372/Smarthotels/reviews/
1388,Hotel Channel Management Software,SmartHOTEL Channel Manager,https://www.capterra.com/p/182816/SmartHOTEL-Channel-Manager/reviews/
1389,Hotel Channel Management Software,Snooze One,https://www.capterra.com/p/218885/Snooze-One/reviews/
1390,Hotel Channel Management Software,Softinn Channel Manager,https://www.capterra.com/p/211431/Softinn-Channel-Manager/reviews/
1391,Hotel Channel Management Software,Su,https://www.capterra.com/p/216901/Su/reviews/
1392,Hotel Channel Management Software,TURBOGuest,https://www.capterra.com/p/217161/TURBOGuest/reviews/
1393,Hotel Channel Management Software,Ultron Property Management System,https://www.capterra.com/p/228895/Ultron-Property-Management-System/reviews/
1394,Hotel Channel Management Software,vioma CHANNELS,https://www.capterra.com/p/229475/vioma-CHANNELS/reviews/
1395,Hotel Channel Management Software,Xenion,https://www.capterra.com/p/237656/Xenion/reviews/
1396,Hotel Channel Management Software,ZEN eManager,https://www.capterra.com/p/227637/ZEN-eManager/reviews/
1397,Hotel Channel Management Software,Viewpoint,https://www.capterra.com/p/219254/Viewpoint/reviews/
1398,Hotel Channel Management Software,Shiji Distribution Solutions,https://www.capterra.com/p/186495/Shiji-Distribution-Solutions/reviews/
1399,Hotel Channel Management Software,High Level Software,https://www.capterra.com/p/238251/High-Level-Software/reviews/
1400,Hotel Channel Management Software,Zavia ERP,https://www.capterra.com/p/241764/Zavia-ERP/reviews/
1401,Restaurant POS Software,Square Point of Sale,https://www.capterra.com/p/179717/Square-Point-of-Sale/reviews/
1402,Restaurant POS Software,PayPal Zettle,https://www.capterra.com/p/171165/PayPal-Here-app/reviews/
1403,Restaurant POS Software,talech,https://www.capterra.com/p/155256/talech/reviews/
1404,Restaurant POS Software,Revel Systems,https://www.capterra.com/p/142666/Revel-iPad-POS/reviews/
1405,Restaurant POS Software,Loyverse POS,https://www.capterra.com/p/150632/Loyverse-POS/reviews/
1406,Restaurant POS Software,NCR Silver,https://www.capterra.com/p/182332/NCR-Silver/reviews/
1407,Restaurant POS Software,2TouchPOS,https://www.capterra.com/p/146855/2TouchPOS/reviews/
1408,Restaurant POS Software,eHopper,https://www.capterra.com/p/149980/Ehopper/reviews/
1409,Restaurant POS Software,Instore,https://www.capterra.com/p/179089/Instore-software/reviews/
1410,Restaurant POS Software,franpos,https://www.capterra.com/p/141253/iConnect-POS/reviews/
1411,Restaurant POS Software,CHK PLZ,https://www.capterra.com/p/228142/CHK-PLZ/reviews/
1412,Restaurant POS Software,Waiterio,https://www.capterra.com/p/157873/Waiterio/reviews/
1413,Restaurant POS Software,MicroSale,https://www.capterra.com/p/160375/MicroSale/reviews/
1414,Restaurant POS Software,SplitAbility,https://www.capterra.com/p/130927/SplitAbility/reviews/
1415,Restaurant POS Software,Infor Point of Sale (POS),https://www.capterra.com/p/77250/Vivonet-POS/reviews/
1416,Restaurant POS Software,Vital POS,https://www.capterra.com/p/186221/Vital-POS/reviews/
1417,Restaurant POS Software,EasyAs,https://www.capterra.com/p/206336/EasyAs/reviews/
1418,Restaurant POS Software,eZee Optimus,https://www.capterra.com/p/166571/eZee-Optimus/reviews/
1419,Restaurant POS Software,Future POS,https://www.capterra.com/p/135581/Future-POS/reviews/
1420,Restaurant POS Software,SlickPOS,https://www.capterra.com/p/168682/SlickPOS/reviews/
1421,Restaurant POS Software,Thrive,https://www.capterra.com/p/130606/Thr-ve-POS/reviews/
1422,Restaurant POS Software,tillpoint,https://www.capterra.com/p/157398/tillpoint/reviews/
1423,Restaurant POS Software,Appetize,https://www.capterra.com/p/164503/Appetize/reviews/
1424,Restaurant POS Software,Abacre Restaurant Point of Sale,https://www.capterra.com/p/151073/Abacre-Restaurant-Point-of-Sale/reviews/
1425,Restaurant POS Software,Infrasys Cloud POS,https://www.capterra.com/p/220795/Infrasys-Cloud/reviews/
1426,Restaurant POS Software,retailcloud,https://www.capterra.com/p/125388/retailcloud/reviews/
1427,Restaurant POS Software,Focus Restaurant POS Software,https://www.capterra.com/p/155045/Restaurant-POS-Software/reviews/
1428,Restaurant POS Software,Scidoo,https://www.capterra.com/p/216364/Scidoo/reviews/
1429,Restaurant POS Software,Nobly,https://www.capterra.com/p/165238/Nobly/reviews/
1430,Restaurant POS Software,Active8,https://www.capterra.com/p/207314/Active8pos/reviews/
1431,Restaurant POS Software,Cuboh,https://www.capterra.com/p/199007/Cuboh/reviews/
1432,Restaurant POS Software,Amigo Point Of Sale,https://www.capterra.com/p/92926/Amigo-Point-Of-Sale/reviews/
1433,Restaurant POS Software,Brigade POS,https://www.capterra.com/p/151070/Full-Service-Restaurant-POS/reviews/
1434,Restaurant POS Software,OrderUp,https://www.capterra.com/p/151885/Retail-POS/reviews/
1435,Restaurant POS Software,Silverware Avrio,https://www.capterra.com/p/60330/SilverWare/reviews/
1436,Restaurant POS Software,Digital Dining,https://www.capterra.com/p/8351/Digital-Dining/reviews/
1437,Restaurant POS Software,Sky Systemz,https://www.capterra.com/p/204226/HadePay/reviews/
1438,Restaurant POS Software,Cash Office,https://www.capterra.com/p/229099/CashOffice/reviews/
1439,Restaurant POS Software,Openbravo,https://www.capterra.com/p/80882/Openbravo-Commerce-Cloud/reviews/
1440,Restaurant POS Software,onePOS,https://www.capterra.com/p/85408/onePOS/reviews/
1441,Restaurant POS Software,SoftTouch,https://www.capterra.com/p/151859/SoftTouch-POS/reviews/
1442,Restaurant POS Software,Restaurant Maid,https://www.capterra.com/p/104051/Restaurant-Maid/reviews/
1443,Restaurant POS Software,Redbox,https://www.capterra.com/p/237787/Redbox/reviews/
1444,Restaurant POS Software,SalesVu,https://www.capterra.com/p/209894/SalesVu-Cloud/reviews/
1445,Restaurant POS Software,InTouchPOS,https://www.capterra.com/p/140726/InTouchPOS/reviews/
1446,Restaurant POS Software,UNION POS,https://www.capterra.com/p/164185/UNION-POS/reviews/
1447,Restaurant POS Software,Dessert POS,https://www.capterra.com/p/161436/A-B-POS-Pro/reviews/
1448,Restaurant POS Software,RPOWER,https://www.capterra.com/p/115534/RPOWER/reviews/
1449,Restaurant POS Software,BrewPOS,https://www.capterra.com/p/164655/BrewPOS/reviews/
1450,Restaurant POS Software,Mobi2Go,https://www.capterra.com/p/159185/Mobi2Go/reviews/
1451,Restaurant POS Software,Brink POS,https://www.capterra.com/p/157462/Brink-POS/reviews/
1452,Restaurant POS Software,Quid POS Smart Vendor,https://www.capterra.com/p/155459/QuidPOS-Smart-Vendor/reviews/
1453,Restaurant POS Software,Practi POS system,https://www.capterra.com/p/156167/Practi-POS-system/reviews/
1454,Restaurant POS Software,SpeedLine Pizza POS,https://www.capterra.com/p/30009/SpeedLine-Pizza-POS/reviews/
1455,Restaurant POS Software,FusionResto,https://www.capterra.com/p/139530/FusionResto/reviews/